{
  "NYC": {
    "lat": 40.7128,
    "lng": -74.006,
    "name": "New York",
    "country": "US"
  },
  "LAX": {
    "lat": 34.0522,
    "lng": -118.2437,
    "name": "Los Angeles",
    "country": "US"
  },
  "CHI": {
    "lat": 41.8781,
    "lng": -87.6298,
    "name": "Chicago",
    "country": "US"
  },
  "SFO": {
    "lat": 37.7749,
    "lng": -122.4194,
    "name": "San Francisco",
    "country": "US"
  },
  "MIA": {
    "lat": 25.7617,
    "lng": -80.1918,
    "name": "Miami",
    "country": "US"
  },
  "DEN": {
    "lat": 39.7392,
    "lng": -104.9903,
    "name": "Denver",
    "country": "US"
  },
  "SEA": {
    "lat": 47.6062,
    "lng": -122.3321,
    "name": "Seattle",
    "country": "US"
  },
  "BOS": {
    "lat": 42.3601,
    "lng": -71.0589,
    "name": "Boston",
    "country": "US"
  },
  "ATL": {
    "lat": 33.749,
    "lng": -84.388,
    "name": "Atlanta",
    "country": "US"
  },
  "DFW": {
    "lat": 32.7767,
    "lng": -96.797,
    "name": "Dallas",
    "country": "US"
  },
  "HOU": {
    "lat": 29.7604,
    "lng": -95.3698,
    "name": "Houston",
    "country": "US"
  },
  "PHL": {
    "lat": 39.9526,
    "lng": -75.1652,
    "name": "Philadelphia",
    "country": "US"
  },
  "BAL": {
    "lat": 39.2904,
    "lng": -76.6122,
    "name": "Baltimore",
    "country": "US"
  },
  "TPA": {
    "lat": 27.9506,
    "lng": -82.4572,
    "name": "Tampa",
    "country": "US"
  },
  "AUS": {
    "lat": 30.2672,
    "lng": -97.7431,
    "name": "Austin",
    "country": "US"
  },
  "RDU": {
    "lat": 35.7796,
    "lng": -78.6382,
    "name": "Raleigh",
    "country": "US"
  },
  "CLT": {
    "lat": 35.2271,
    "lng": -80.8431,
    "name": "Charlotte",
    "country": "US"
  },
  "MSP": {
    "lat": 44.9778,
    "lng": -93.265,
    "name": "Minneapolis",
    "country": "US"
  },
  "STL": {
    "lat": 38.627,
    "lng": -90.1994,
    "name": "St. Louis",
    "country": "US"
  },
  "PBI": {
    "lat": 26.7153,
    "lng": -80.0534,
    "name": "Palm Beach",
    "country": "US"
  },
  "OKC": {
    "lat": 35.4676,
    "lng": -97.5164,
    "name": "Oklahoma City",
    "country": "US"
  },
  "CLE": {
    "lat": 41.4993,
    "lng": -81.6944,
    "name": "Cleveland",
    "country": "US"
  },
  "CVG": {
    "lat": 39.1031,
    "lng": -84.512,
    "name": "Cincinnati",
    "country": "US"
  },
  "MEM": {
    "lat": 35.1495,
    "lng": -90.049,
    "name": "Memphis",
    "country": "US"
  },
  "RNO": {
    "lat": 39.5296,
    "lng": -119.8138,
    "name": "Reno",
    "country": "US"
  },
  "TYS": {
    "lat": 35.9606,
    "lng": -83.9207,
    "name": "Knoxville",
    "country": "US"
  },
  "BGR": {
    "lat": 44.8012,
    "lng": -68.7778,
    "name": "Bangor",
    "country": "US"
  },
  "FTW": {
    "lat": 32.7555,
    "lng": -97.3308,
    "name": "Fort Worth",
    "country": "US"
  },
  "SAO": {
    "lat": 29.4241,
    "lng": -98.4936,
    "name": "San Antonio",
    "country": "US"
  },
  "NIC": {
    "lat": 38.8951,
    "lng": -77.0364,
    "name": "Washington DC",
    "country": "US"
  },
  "ENC": {
    "lat": 34.2257,
    "lng": -77.9447,
    "name": "Wilmington NC",
    "country": "US"
  },
  "PSD": {
    "lat": 33.4484,
    "lng": -112.074,
    "name": "Phoenix",
    "country": "US"
  },
  "WPK": {
    "lat": 26.0112,
    "lng": -80.1495,
    "name": "West Palm Beach",
    "country": "US"
  },
  "FRA": {
    "lat": 50.1109,
    "lng": 8.6821,
    "name": "Frankfurt",
    "country": "DE"
  },
  "GRR": {
    "lat": 42.9634,
    "lng": -85.6681,
    "name": "Grand Rapids",
    "country": "US"
  },
  "HSV": {
    "lat": 34.7304,
    "lng": -86.5861,
    "name": "Huntsville",
    "country": "US"
  },
  "BOI": {
    "lat": 43.615,
    "lng": -116.2023,
    "name": "Boise",
    "country": "US"
  },
  "CYP": {
    "lat": 29.6911,
    "lng": -95.6091,
    "name": "Cypress",
    "country": "US"
  },
  "IRV": {
    "lat": 32.814,
    "lng": -96.9489,
    "name": "Irving",
    "country": "US"
  },
  "RWC": {
    "lat": 37.4852,
    "lng": -122.2364,
    "name": "Redwood City",
    "country": "US"
  },
  "MPK": {
    "lat": 37.453,
    "lng": -122.1817,
    "name": "Menlo Park",
    "country": "US"
  },
  "RIC": {
    "lat": 37.5407,
    "lng": -77.436,
    "name": "Richmond",
    "country": "US"
  },
  "JAN": {
    "lat": 32.2988,
    "lng": -90.1848,
    "name": "Jackson",
    "country": "US"
  },
  "MHT": {
    "lat": 42.9956,
    "lng": -71.4548,
    "name": "Manchester",
    "country": "US"
  },
  "FWA": {
    "lat": 41.0793,
    "lng": -85.1394,
    "name": "Fort Wayne",
    "country": "US"
  },
  "GEG": {
    "lat": 47.6588,
    "lng": -117.426,
    "name": "Spokane",
    "country": "US"
  },
  "CMI": {
    "lat": 40.1164,
    "lng": -88.2434,
    "name": "Champaign",
    "country": "US"
  },
  "FYV": {
    "lat": 36.0626,
    "lng": -94.1574,
    "name": "Fayetteville",
    "country": "US"
  },
  "DVN": {
    "lat": 41.5236,
    "lng": -90.5776,
    "name": "Davenport",
    "country": "US"
  },
  "CAE": {
    "lat": 33.9981,
    "lng": -81.045,
    "name": "Columbia",
    "country": "US"
  },
  "PLY": {
    "lat": 41.9584,
    "lng": -70.6673,
    "name": "Plymouth",
    "country": "US"
  },
  "APF": {
    "lat": 26.142,
    "lng": -81.7948,
    "name": "Naples",
    "country": "US"
  },
  "AVN": {
    "lat": 33.9425,
    "lng": -83.3423,
    "name": "Athens",
    "country": "US"
  },
  "BVY": {
    "lat": 42.5584,
    "lng": -70.88,
    "name": "Beverly",
    "country": "US"
  },
  "GVL": {
    "lat": 34.8526,
    "lng": -82.394,
    "name": "Greenville",
    "country": "US"
  },
  "INT": {
    "lat": 36.134,
    "lng": -80.289,
    "name": "Winston-Salem",
    "country": "US"
  },
  "MCL": {
    "lat": 37.3861,
    "lng": -122.0839,
    "name": "Mountain View",
    "country": "US"
  },
  "NCA": {
    "lat": 42.4534,
    "lng": -71.231,
    "name": "Newton",
    "country": "US"
  },
  "WCH": {
    "lat": 38.6356,
    "lng": -90.1995,
    "name": "Clayton",
    "country": "US"
  },
  "WBR": {
    "lat": 41.2033,
    "lng": -73.2004,
    "name": "Westport",
    "country": "US"
  },
  "PHB": {
    "lat": 40.0792,
    "lng": -75.2131,
    "name": "Bryn Mawr",
    "country": "US"
  },
  "BWR": {
    "lat": 41.1609,
    "lng": -73.1296,
    "name": "Bridgeport",
    "country": "US"
  },
  "BVU": {
    "lat": 41.5237,
    "lng": -81.6736,
    "name": "Beachwood",
    "country": "US"
  },
  "DIL": {
    "lat": 40.3151,
    "lng": -75.1256,
    "name": "Doylestown",
    "country": "US"
  },
  "FAR": {
    "lat": 46.8772,
    "lng": -96.7898,
    "name": "Fargo",
    "country": "US"
  },
  "GWD": {
    "lat": 34.1954,
    "lng": -82.1618,
    "name": "Greenwood",
    "country": "US"
  },
  "HVY": {
    "lat": 33.4221,
    "lng": -111.8226,
    "name": "Scottsdale",
    "country": "US"
  },
  "JCY": {
    "lat": 39.5015,
    "lng": -84.3733,
    "name": "West Chester",
    "country": "US"
  },
  "MSA": {
    "lat": 35.4676,
    "lng": -97.5164,
    "name": "Oklahoma City",
    "country": "US"
  },
  "MTC": {
    "lat": 37.5585,
    "lng": -122.2711,
    "name": "San Mateo",
    "country": "US"
  },
  "OIJ": {
    "lat": 39.1031,
    "lng": -84.512,
    "name": "Mason",
    "country": "US"
  },
  "PFA": {
    "lat": 33.4151,
    "lng": -111.5496,
    "name": "Fountain Hills",
    "country": "US"
  },
  "RHN": {
    "lat": 37.9161,
    "lng": -122.3458,
    "name": "Richmond CA",
    "country": "US"
  },
  "RMG": {
    "lat": 34.164,
    "lng": -118.3039,
    "name": "Burbank",
    "country": "US"
  },
  "TBD": {
    "lat": 34.0195,
    "lng": -118.4912,
    "name": "Santa Monica",
    "country": "US"
  },
  "LON": {
    "lat": 51.5074,
    "lng": -0.1278,
    "name": "London",
    "country": "UK"
  },
  "EDI": {
    "lat": 55.9533,
    "lng": -3.1883,
    "name": "Edinburgh",
    "country": "UK"
  },
  "OXF": {
    "lat": 51.752,
    "lng": -1.2577,
    "name": "Oxford",
    "country": "UK"
  },
  "DUN": {
    "lat": 56.462,
    "lng": -2.9707,
    "name": "Dundee",
    "country": "UK"
  },
  "PAR": {
    "lat": 48.8566,
    "lng": 2.3522,
    "name": "Paris",
    "country": "FR"
  },
  "BER": {
    "lat": 52.52,
    "lng": 13.405,
    "name": "Berlin",
    "country": "DE"
  },
  "MUC": {
    "lat": 48.1351,
    "lng": 11.582,
    "name": "Munich",
    "country": "DE"
  },
  "HAM": {
    "lat": 53.5511,
    "lng": 9.9937,
    "name": "Hamburg",
    "country": "DE"
  },
  "DUS": {
    "lat": 51.2277,
    "lng": 6.7735,
    "name": "D\u00fcsseldorf",
    "country": "DE"
  },
  "CGN": {
    "lat": 50.9375,
    "lng": 6.9603,
    "name": "Cologne",
    "country": "DE"
  },
  "DRS": {
    "lat": 51.0504,
    "lng": 13.7373,
    "name": "Dresden",
    "country": "DE"
  },
  "ULM": {
    "lat": 48.4011,
    "lng": 9.9876,
    "name": "Ulm",
    "country": "DE"
  },
  "AMS": {
    "lat": 52.3676,
    "lng": 4.9041,
    "name": "Amsterdam",
    "country": "NL"
  },
  "ZRH": {
    "lat": 47.3769,
    "lng": 8.5417,
    "name": "Z\u00fcrich",
    "country": "CH"
  },
  "GVA": {
    "lat": 46.2044,
    "lng": 6.1432,
    "name": "Geneva",
    "country": "CH"
  },
  "BSL": {
    "lat": 47.5596,
    "lng": 7.5886,
    "name": "Basel",
    "country": "CH"
  },
  "LUG": {
    "lat": 46.0037,
    "lng": 8.9511,
    "name": "Lugano",
    "country": "CH"
  },
  "ZUG": {
    "lat": 47.1724,
    "lng": 8.5181,
    "name": "Zug",
    "country": "CH"
  },
  "MMA": {
    "lat": 46.948,
    "lng": 7.4474,
    "name": "Bern",
    "country": "CH"
  },
  "LUZ": {
    "lat": 47.0502,
    "lng": 8.3093,
    "name": "Lucerne",
    "country": "CH"
  },
  "BRN": {
    "lat": 46.948,
    "lng": 7.4474,
    "name": "Bern",
    "country": "CH"
  },
  "VIE": {
    "lat": 48.2082,
    "lng": 16.3738,
    "name": "Vienna",
    "country": "AT"
  },
  "MIL": {
    "lat": 45.4642,
    "lng": 9.19,
    "name": "Milan",
    "country": "IT"
  },
  "FLR": {
    "lat": 43.7696,
    "lng": 11.2558,
    "name": "Florence",
    "country": "IT"
  },
  "BCN": {
    "lat": 41.3851,
    "lng": 2.1734,
    "name": "Barcelona",
    "country": "ES"
  },
  "STO": {
    "lat": 59.3293,
    "lng": 18.0686,
    "name": "Stockholm",
    "country": "SE"
  },
  "UME": {
    "lat": 63.8258,
    "lng": 20.263,
    "name": "Ume\u00e5",
    "country": "SE"
  },
  "ARN": {
    "lat": 59.6519,
    "lng": 17.9186,
    "name": "Arlanda",
    "country": "SE"
  },
  "CPH": {
    "lat": 55.6761,
    "lng": 12.5683,
    "name": "Copenhagen",
    "country": "DK"
  },
  "OSL": {
    "lat": 59.9139,
    "lng": 10.7522,
    "name": "Oslo",
    "country": "NO"
  },
  "HEL": {
    "lat": 60.1699,
    "lng": 24.9384,
    "name": "Helsinki",
    "country": "FI"
  },
  "LUX": {
    "lat": 49.6116,
    "lng": 6.1319,
    "name": "Luxembourg",
    "country": "LU"
  },
  "MCM": {
    "lat": 43.7384,
    "lng": 7.4246,
    "name": "Monaco",
    "country": "MC"
  },
  "LSN": {
    "lat": 38.7223,
    "lng": -9.1393,
    "name": "Lisbon",
    "country": "PT"
  },
  "BUH": {
    "lat": 44.4268,
    "lng": 26.1025,
    "name": "Bucharest",
    "country": "RO"
  },
  "VNO": {
    "lat": 54.6872,
    "lng": 25.2797,
    "name": "Vilnius",
    "country": "LT"
  },
  "WRO": {
    "lat": 51.1079,
    "lng": 17.0385,
    "name": "Wroc\u0142aw",
    "country": "PL"
  },
  "ALV": {
    "lat": 42.5063,
    "lng": 1.5218,
    "name": "Andorra la Vella",
    "country": "AD"
  },
  "BES": {
    "lat": 50.8503,
    "lng": 4.3517,
    "name": "Brussels",
    "country": "BE"
  },
  "HAG": {
    "lat": 52.0705,
    "lng": 4.3007,
    "name": "The Hague",
    "country": "NL"
  },
  "MST": {
    "lat": 50.8514,
    "lng": 5.691,
    "name": "Maastricht",
    "country": "NL"
  },
  "RBX": {
    "lat": 50.6942,
    "lng": 3.1746,
    "name": "Roubaix",
    "country": "FR"
  },
  "WIE": {
    "lat": 50.0782,
    "lng": 8.2398,
    "name": "Wiesbaden",
    "country": "DE"
  },
  "KUS": {
    "lat": 55.7558,
    "lng": 37.6173,
    "name": "Moscow",
    "country": "RU"
  },
  "EST": {
    "lat": 46.7712,
    "lng": 23.6236,
    "name": "Cluj-Napoca",
    "country": "RO"
  },
  "BOU": {
    "lat": 47.0833,
    "lng": 2.4,
    "name": "Bourges",
    "country": "FR"
  },
  "RJN": {
    "lat": 51.2562,
    "lng": 7.1508,
    "name": "Remscheid",
    "country": "DE"
  },
  "DLE": {
    "lat": 47.0964,
    "lng": 5.4897,
    "name": "Dole",
    "country": "FR"
  },
  "MOZ": {
    "lat": 43.6108,
    "lng": 1.4328,
    "name": "Montauban",
    "country": "FR"
  },
  "GPV": {
    "lat": 50.7487,
    "lng": 7.0826,
    "name": "Bonn",
    "country": "DE"
  },
  "NKJ": {
    "lat": 51.4416,
    "lng": 5.4697,
    "name": "Eindhoven",
    "country": "NL"
  },
  "HOR": {
    "lat": 53.2194,
    "lng": 6.5665,
    "name": "Groningen",
    "country": "NL"
  },
  "CDK": {
    "lat": 49.8917,
    "lng": 2.295,
    "name": "Amiens",
    "country": "FR"
  },
  "GRW": {
    "lat": 54.526,
    "lng": -1.5528,
    "name": "Middlesbrough",
    "country": "UK"
  },
  "BTG": {
    "lat": 51.886,
    "lng": -2.0882,
    "name": "Cheltenham",
    "country": "UK"
  },
  "CHM": {
    "lat": 51.7314,
    "lng": 0.4793,
    "name": "Chelmsford",
    "country": "UK"
  },
  "CHP": {
    "lat": 51.9036,
    "lng": -2.0739,
    "name": "Charlton Kings",
    "country": "UK"
  },
  "BAD": {
    "lat": 48.4814,
    "lng": 8.2114,
    "name": "Baden-Baden",
    "country": "DE"
  },
  "DRB": {
    "lat": 47.0667,
    "lng": 15.45,
    "name": "Graz",
    "country": "AT"
  },
  "DXB": {
    "lat": 25.2048,
    "lng": 55.2708,
    "name": "Dubai",
    "country": "AE"
  },
  "JED": {
    "lat": 21.4858,
    "lng": 39.1925,
    "name": "Jeddah",
    "country": "SA"
  },
  "BAH": {
    "lat": 26.2285,
    "lng": 50.586,
    "name": "Manama",
    "country": "BH"
  },
  "KWI": {
    "lat": 29.3759,
    "lng": 47.9774,
    "name": "Kuwait City",
    "country": "KW"
  },
  "NBK": {
    "lat": 29.3375,
    "lng": 47.6581,
    "name": "Kuwait",
    "country": "KW"
  },
  "RKV": {
    "lat": 24.7136,
    "lng": 46.6753,
    "name": "Riyadh",
    "country": "SA"
  },
  "AMD": {
    "lat": 23.0225,
    "lng": 72.5714,
    "name": "Ahmedabad",
    "country": "IN"
  },
  "SIN": {
    "lat": 1.3521,
    "lng": 103.8198,
    "name": "Singapore",
    "country": "SG"
  },
  "HKG": {
    "lat": 22.3193,
    "lng": 114.1694,
    "name": "Hong Kong",
    "country": "HK"
  },
  "SHA": {
    "lat": 31.2304,
    "lng": 121.4737,
    "name": "Shanghai",
    "country": "CN"
  },
  "SYD": {
    "lat": -33.8688,
    "lng": 151.2093,
    "name": "Sydney",
    "country": "AU"
  },
  "MIB": {
    "lat": -37.8136,
    "lng": 144.9631,
    "name": "Melbourne",
    "country": "AU"
  },
  "TLV": {
    "lat": 32.0853,
    "lng": 34.7818,
    "name": "Tel Aviv",
    "country": "IL"
  },
  "BOM": {
    "lat": 19.076,
    "lng": 72.8777,
    "name": "Mumbai",
    "country": "IN"
  },
  "BLR": {
    "lat": 12.9716,
    "lng": 77.5946,
    "name": "Bangalore",
    "country": "IN"
  },
  "CBD": {
    "lat": 30.0444,
    "lng": 31.2357,
    "name": "Cairo",
    "country": "EG"
  },
  "BGH": {
    "lat": 33.3152,
    "lng": 44.3661,
    "name": "Baghdad",
    "country": "IQ"
  },
  "JNA": {
    "lat": 31.9522,
    "lng": 35.2332,
    "name": "Amman",
    "country": "JO"
  },
  "CGB": {
    "lat": -15.6014,
    "lng": -56.0979,
    "name": "Cuiab\u00e1",
    "country": "BR"
  },
  "NYK": {
    "lat": -1.2921,
    "lng": 36.8219,
    "name": "Nairobi",
    "country": "KE"
  },
  "YYZ": {
    "lat": 43.6532,
    "lng": -79.3832,
    "name": "Toronto",
    "country": "CA"
  },
  "YYC": {
    "lat": 51.0447,
    "lng": -114.0719,
    "name": "Calgary",
    "country": "CA"
  },
  "YMQ": {
    "lat": 45.5017,
    "lng": -73.5673,
    "name": "Montreal",
    "country": "CA"
  },
  "OTT": {
    "lat": 45.4215,
    "lng": -75.6972,
    "name": "Ottawa",
    "country": "CA"
  },
  "YXE": {
    "lat": 52.1332,
    "lng": -106.67,
    "name": "Saskatoon",
    "country": "CA"
  }
}